experiment,blocking,features,model,threshold,candidate_recall,avg_candidates_per_entity,n_entities,macro_f05,n_singletons_true,singleton_accuracy,false_merge_rate_on_singletons,mean_precision_non_singleton,mean_recall_non_singleton,mean_f05_non_singleton,mean_pred_size,mean_truth_size,total_tp,total_fp,total_fn
ORACLE_given_blocking (predict exactly the true pairs that are candidates),"multi-key retrieval (rare unigrams + exact keys + address/name bigrams + name prefix) + learned ranker, shortlist 30/entity + learned candidate filter (probability >= 0.015)",,oracle,n/a,0.9656127394414955,6.075466666666666,7500,0.9875558449573475,412,1.0,0.0,0.9961907449209932,0.964987212906231,0.9868325108888412,3.3472,3.4664,25104,0,894
predict_nothing,"multi-key retrieval (rare unigrams + exact keys + address/name bigrams + name prefix) + learned ranker, shortlist 30/entity + learned candidate filter (probability >= 0.015)",,constant,n/a,0.9656127394414955,6.075466666666666,7500,0.054933333333333334,412,1.0,0.0,0.0,0.0,0.0,0.0,3.4664,0,0,25998
B1_exact_normalized_name,"multi-key retrieval (rare unigrams + exact keys + address/name bigrams + name prefix) + learned ranker, shortlist 30/entity + learned candidate filter (probability >= 0.015)",normalized name equality,rule,n/a,0.9656127394414955,6.075466666666666,7500,0.48129824622002554,412,0.8179611650485437,0.1820388349514563,0.5979769630764269,0.29001011098570345,0.4617292390872167,1.3125333333333333,3.4664,7445,2399,18553
B2_fuzzy_name_and_address,"multi-key retrieval (rare unigrams + exact keys + address/name bigrams + name prefix) + learned ranker, shortlist 30/entity + learned candidate filter (probability >= 0.015)",name Levenshtein>0.85 & address Levenshtein>0.5,rule,0.85 / 0.5,0.9656127394414955,6.075466666666666,7500,0.6769824536460959,412,0.6553398058252428,0.3446601941747573,0.7830946670428893,0.5168158680891468,0.6782404630848926,2.0405333333333333,3.4664,13388,1916,12610
B3_similarity_score_threshold,"multi-key retrieval (rare unigrams + exact keys + address/name bigrams + name prefix) + learned ranker, shortlist 30/entity + learned candidate filter (probability >= 0.015)",0.5*name_ratio + 0.5*addr_ratio,rule,0.68 (searched),0.9656127394414955,6.075466666666666,7500,0.7262707634510454,412,0.1553398058252427,0.8446601941747572,0.7667131397414976,0.8098076561324303,0.7594569308525451,3.639466666666667,3.4664,21089,6207,4909
B3b_tfidf_cosine_threshold,"multi-key retrieval (rare unigrams + exact keys + address/name bigrams + name prefix) + learned ranker, shortlist 30/entity + learned candidate filter (probability >= 0.015)",0.5*name IDF-cosine + 0.5*address IDF-cosine (word tokens),rule,0.63 (searched),0.9656127394414955,6.075466666666666,7500,0.7216751344910289,412,0.220873786407767,0.779126213592233,0.7783666895087606,0.7377074263678384,0.7507849193965458,3.2089333333333334,3.4664,19205,4862,6793
B4_lightgbm_global_threshold,"multi-key retrieval (rare unigrams + exact keys + address/name bigrams + name prefix) + learned ranker, shortlist 30/entity + learned candidate filter (probability >= 0.015)",79 pairwise features,"LightGBM (763 trees, 127 leaves)",0.72 (searched),0.9656127394414955,6.075466666666666,7500,0.9551740188677422,412,0.9538834951456311,0.04611650485436893,0.9787163191085313,0.9042830045863341,0.9552490323798062,3.1712,3.4664,23508,276,2490
B5_lightgbm_per_source_thresholds,"multi-key retrieval (rare unigrams + exact keys + address/name bigrams + name prefix) + learned ranker, shortlist 30/entity + learned candidate filter (probability >= 0.015)",79 pairwise features,"LightGBM (763 trees, 127 leaves)",S2 0.72 / S3 0.64 (searched),0.9656127394414955,6.075466666666666,7500,0.9553861704117675,412,0.9538834951456311,0.04611650485436893,0.977479318947293,0.9085848762943853,0.955473515531639,3.1936,3.4664,23622,330,2376
B6_lightgbm_entity_gated,"multi-key retrieval (rare unigrams + exact keys + address/name bigrams + name prefix) + learned ranker, shortlist 30/entity + learned candidate filter (probability >= 0.015)",79 pairwise features,"LightGBM (763 trees, 127 leaves)",gate 0.00; S2 0.72 / S3 0.64 (searched),0.9656127394414955,6.075466666666666,7500,0.9553861704117675,412,0.9538834951456311,0.04611650485436893,0.977479318947293,0.9085848762943853,0.955473515531639,3.1936,3.4664,23622,330,2376
FINAL_holdout_entities (never used for any decision),"multi-key retrieval (rare unigrams + exact keys + address/name bigrams + name prefix) + learned ranker, shortlist 30/entity + learned candidate filter (probability >= 0.015)",79 pairwise features,LightGBM,"global rule, thresholds from validation",0.965809968847352,6.100533333333333,7500,0.9559735709258971,454,0.9691629955947136,0.030837004405286344,0.9794813222857504,0.9027413392265792,0.9551237272132029,3.1252,3.424,23144,295,2536
