threshold,macro_f05
0.05,0.870378447342331
0.06,0.8802886729389008
0.07,0.889127674461123
0.08,0.8961005287936304
0.09,0.9014395514863273
0.1,0.9063965777512507
0.11,0.9105169172535341
0.12,0.9145737972481792
0.13,0.9177838624152198
0.14,0.9201174861547939
0.15,0.9227051082965992
0.16,0.9248545772037687
0.17,0.9270316404998504
0.18,0.9284390146344629
0.19,0.9302617507653721
0.2,0.9319719179669079
0.21,0.9336295818673568
0.22,0.9355793293921305
0.23,0.9376207595280005
0.24,0.9382934438944768
0.25,0.9393713358489074
0.26,0.9402429327059646
0.27,0.9410044363969878
0.28,0.9419434618817923
0.29,0.9431182251977686
0.3,0.943794947425438
0.31,0.9446555833734781
0.32,0.945329507943635
0.33,0.9460916099793818
0.34,0.9468791335774815
0.35,0.9476782808059457
0.36,0.9482625559316318
0.37,0.9484358571695974
0.38,0.9487676213453005
0.39,0.9490431952987528
0.4,0.9492468383837456
0.41,0.949604197082985
0.42,0.9497306189404798
0.43,0.9503867321714662
0.44,0.9510319913005024
0.45,0.9512636117261943
0.46,0.9514455352218899
0.47,0.9516241378338054
0.48,0.9518628420224162
0.49,0.9521990727660128
0.5,0.95243636133779
0.51,0.952965292772393
0.52,0.9529269260144637
0.53,0.9531994350915726
0.54,0.953520123679699
0.55,0.9535049472345529
0.56,0.9536114450835302
0.57,0.9539367354778798
0.58,0.9540599795203305
0.59,0.9541979111930071
0.6,0.9541063609185405
0.61,0.9545958234220367
0.62,0.9547604986606728
0.63,0.9549199697624511
0.64,0.9549600390275261
0.65,0.954710381118291
0.66,0.9547144459380995
0.67,0.9546741306700504
0.68,0.9549160905047347
0.69,0.9549082921620761
0.7,0.9550196914081577
0.71,0.9550734767896106
0.72,0.9551740188677422
0.73,0.9549911777829797
0.74,0.9547277183642788
0.75,0.9549556540404337
0.76,0.9547504025277701
0.77,0.9546879976402981
0.78,0.9543969877192489
0.79,0.9542212293059922
0.8,0.9538792554225428
0.81,0.9537271564368138
0.82,0.953543865787023
0.83,0.9534048862341556
0.84,0.9528774179511605
0.85,0.9523970140857119
0.86,0.9519230066782168
0.87,0.9510316208823024
0.88,0.9506433790051196
0.89,0.9504792668789455
0.9,0.9496906439348568
0.91,0.9486128446032241
0.92,0.9475711242941324
0.93,0.9462695468781475
0.94,0.9448291627537555
0.95,0.9425596413981585
0.96,0.9401335501402314
0.97,0.936902127720306
0.98,0.9302168631927886
0.99,0.9142931230324898
